-- ============================================================
-- PlanBridge 테스트 데이터 (각 테이블 5건)
-- 시나리오: 쇼핑몰 플랫폼 개발 프로젝트
-- password: planbridge123
-- hash: $2a$10$7EqJtq98hPqEX7fNZaFWoOe3z5/Cm5lCWJECWY3LOBmLT7.1I8G3G
-- ============================================================

WHENEVER SQLERROR EXIT SQL.SQLCODE;

-- ── 0. 유저 ─────────────────────────────────────────────────
INSERT INTO PB_USER (USER_ID, USERNAME, PASSWORD_HASH, ROLE, STATUS) VALUES
  ('user-0001-0000-0000-000000000001', 'admin',    '$2a$10$7EqJtq98hPqEX7fNZaFWoOe3z5/Cm5lCWJECWY3LOBmLT7.1I8G3G', 'ADMIN',     'ACTIVE');
INSERT INTO PB_USER (USER_ID, USERNAME, PASSWORD_HASH, ROLE, STATUS) VALUES
  ('user-0001-0000-0000-000000000002', 'planner1', '$2a$10$7EqJtq98hPqEX7fNZaFWoOe3z5/Cm5lCWJECWY3LOBmLT7.1I8G3G', 'PLANNER',   'ACTIVE');
INSERT INTO PB_USER (USER_ID, USERNAME, PASSWORD_HASH, ROLE, STATUS) VALUES
  ('user-0001-0000-0000-000000000003', 'planner2', '$2a$10$7EqJtq98hPqEX7fNZaFWoOe3z5/Cm5lCWJECWY3LOBmLT7.1I8G3G', 'PLANNER',   'ACTIVE');
INSERT INTO PB_USER (USER_ID, USERNAME, PASSWORD_HASH, ROLE, STATUS) VALUES
  ('user-0001-0000-0000-000000000004', 'dev1',     '$2a$10$7EqJtq98hPqEX7fNZaFWoOe3z5/Cm5lCWJECWY3LOBmLT7.1I8G3G', 'DEVELOPER', 'ACTIVE');
INSERT INTO PB_USER (USER_ID, USERNAME, PASSWORD_HASH, ROLE, STATUS) VALUES
  ('user-0001-0000-0000-000000000005', 'dev2',     '$2a$10$7EqJtq98hPqEX7fNZaFWoOe3z5/Cm5lCWJECWY3LOBmLT7.1I8G3G', 'DEVELOPER', 'ACTIVE');

-- ── 1. 프로젝트 ──────────────────────────────────────────────
INSERT INTO PB_PROJECT (PROJECT_ID, PROJECT_NAME, PROJECT_DESC, REPO_URL, REPO_BRANCH, BASE_URL, FRAMEWORK, STATUS, SYNC_STATUS) VALUES
  ('proj-0001-0000-0000-000000000001', '쇼핑몰 프론트엔드', 'B2C 쇼핑몰 Next.js 프로젝트', 'https://github.com/planbridge/shop-front', 'main', 'http://localhost:3001', 'NEXTJS', 'ACTIVE', 'IDLE');
INSERT INTO PB_PROJECT (PROJECT_ID, PROJECT_NAME, PROJECT_DESC, REPO_URL, REPO_BRANCH, BASE_URL, FRAMEWORK, STATUS, SYNC_STATUS) VALUES
  ('proj-0001-0000-0000-000000000002', '어드민 대시보드', '내부 운영자용 관리자 시스템', 'https://github.com/planbridge/admin-dashboard', 'main', 'http://localhost:3002', 'NEXTJS', 'ACTIVE', 'IDLE');
INSERT INTO PB_PROJECT (PROJECT_ID, PROJECT_NAME, PROJECT_DESC, REPO_URL, REPO_BRANCH, BASE_URL, FRAMEWORK, STATUS, SYNC_STATUS) VALUES
  ('proj-0001-0000-0000-000000000003', '모바일 앱 웹뷰', 'React Native 웹뷰 하이브리드', 'https://github.com/planbridge/mobile-webview', 'develop', 'http://localhost:3003', 'REACT', 'ACTIVE', 'IDLE');
INSERT INTO PB_PROJECT (PROJECT_ID, PROJECT_NAME, PROJECT_DESC, REPO_URL, REPO_BRANCH, BASE_URL, FRAMEWORK, STATUS, SYNC_STATUS) VALUES
  ('proj-0001-0000-0000-000000000004', 'B2B 파트너 포털', '파트너사 전용 발주/정산 포털', 'https://github.com/planbridge/b2b-portal', 'main', 'http://localhost:3004', 'NEXTJS', 'ACTIVE', 'IDLE');
INSERT INTO PB_PROJECT (PROJECT_ID, PROJECT_NAME, PROJECT_DESC, REPO_URL, REPO_BRANCH, BASE_URL, FRAMEWORK, STATUS, SYNC_STATUS) VALUES
  ('proj-0001-0000-0000-000000000005', '랜딩 페이지', '마케팅용 정적 사이트', 'https://github.com/planbridge/landing', 'main', 'http://localhost:3005', 'NEXTJS', 'ACTIVE', 'IDLE');

-- ── 2. 페이지 ────────────────────────────────────────────────
INSERT INTO PB_PAGE (PAGE_ID, PROJECT_ID, ROUTE_PATH, PAGE_TITLE, FILE_PATH, STATUS) VALUES
  ('page-0001-0000-0000-000000000001', 'proj-0001-0000-0000-000000000001', '/products', '상품 목록', 'app/products/page.tsx', 'ACTIVE');
INSERT INTO PB_PAGE (PAGE_ID, PROJECT_ID, ROUTE_PATH, PAGE_TITLE, FILE_PATH, STATUS) VALUES
  ('page-0001-0000-0000-000000000002', 'proj-0001-0000-0000-000000000001', '/products/[id]', '상품 상세', 'app/products/[id]/page.tsx', 'ACTIVE');
INSERT INTO PB_PAGE (PAGE_ID, PROJECT_ID, ROUTE_PATH, PAGE_TITLE, FILE_PATH, STATUS) VALUES
  ('page-0001-0000-0000-000000000003', 'proj-0001-0000-0000-000000000001', '/cart', '장바구니', 'app/cart/page.tsx', 'ACTIVE');
INSERT INTO PB_PAGE (PAGE_ID, PROJECT_ID, ROUTE_PATH, PAGE_TITLE, FILE_PATH, STATUS) VALUES
  ('page-0001-0000-0000-000000000004', 'proj-0001-0000-0000-000000000002', '/dashboard', '어드민 대시보드', 'app/dashboard/page.tsx', 'ACTIVE');
INSERT INTO PB_PAGE (PAGE_ID, PROJECT_ID, ROUTE_PATH, PAGE_TITLE, FILE_PATH, STATUS) VALUES
  ('page-0001-0000-0000-000000000005', 'proj-0001-0000-0000-000000000002', '/orders', '주문 관리', 'app/orders/page.tsx', 'ACTIVE');

-- ── 3. 컴포넌트 ──────────────────────────────────────────────
INSERT INTO PB_COMPONENT (COMPONENT_ID, PAGE_ID, PB_ID, COMPONENT_NAME, COMPONENT_TYPE, ELEMENT_TAG, DEPTH_LEVEL, SORT_ORDER, STATUS) VALUES
  ('comp-0001-0000-0000-000000000001', 'page-0001-0000-0000-000000000001', 'pb-products-filter', 'ProductFilter', 'CONTAINER', 'div', 1, 1, 'ACTIVE');
INSERT INTO PB_COMPONENT (COMPONENT_ID, PAGE_ID, PB_ID, COMPONENT_NAME, COMPONENT_TYPE, ELEMENT_TAG, DEPTH_LEVEL, SORT_ORDER, STATUS) VALUES
  ('comp-0001-0000-0000-000000000002', 'page-0001-0000-0000-000000000001', 'pb-product-card', 'ProductCard', 'UI', 'article', 2, 2, 'ACTIVE');
INSERT INTO PB_COMPONENT (COMPONENT_ID, PAGE_ID, PB_ID, COMPONENT_NAME, COMPONENT_TYPE, ELEMENT_TAG, DEPTH_LEVEL, SORT_ORDER, STATUS) VALUES
  ('comp-0001-0000-0000-000000000003', 'page-0001-0000-0000-000000000002', 'pb-add-to-cart-btn', 'AddToCartButton', 'BUTTON', 'button', 2, 1, 'ACTIVE');
INSERT INTO PB_COMPONENT (COMPONENT_ID, PAGE_ID, PB_ID, COMPONENT_NAME, COMPONENT_TYPE, ELEMENT_TAG, DEPTH_LEVEL, SORT_ORDER, STATUS) VALUES
  ('comp-0001-0000-0000-000000000004', 'page-0001-0000-0000-000000000003', 'pb-cart-item', 'CartItem', 'UI', 'li', 2, 1, 'ACTIVE');
INSERT INTO PB_COMPONENT (COMPONENT_ID, PAGE_ID, PB_ID, COMPONENT_NAME, COMPONENT_TYPE, ELEMENT_TAG, DEPTH_LEVEL, SORT_ORDER, STATUS) VALUES
  ('comp-0001-0000-0000-000000000005', 'page-0001-0000-0000-000000000004', 'pb-stats-card', 'StatsCard', 'UI', 'div', 1, 1, 'ACTIVE');

-- ── 4. 변경 요청 ─────────────────────────────────────────────
INSERT INTO PB_CHANGE_REQUEST (REQUEST_ID, COMPONENT_ID, REQUESTED_BY, TITLE, DESCRIPTION, PRIORITY, STATUS) VALUES
  ('cr-00001-0000-0000-000000000001', 'comp-0001-0000-0000-000000000001', 'planner1',
   '상품 필터 카테고리 다중선택 지원',
   '현재 단일 카테고리만 선택 가능. 다중 선택 체크박스 UI로 변경 필요.',
   'HIGH', 'DRAFT');
INSERT INTO PB_CHANGE_REQUEST (REQUEST_ID, COMPONENT_ID, REQUESTED_BY, TITLE, DESCRIPTION, PRIORITY, STATUS) VALUES
  ('cr-00001-0000-0000-000000000002', 'comp-0001-0000-0000-000000000002', 'planner1',
   '상품카드 위시리스트 버튼 추가',
   '상품카드 우측 상단에 하트 아이콘 버튼 추가. 클릭 시 위시리스트에 저장.',
   'MEDIUM', 'AI_PROCESSING');
INSERT INTO PB_CHANGE_REQUEST (REQUEST_ID, COMPONENT_ID, REQUESTED_BY, TITLE, DESCRIPTION, PRIORITY, STATUS) VALUES
  ('cr-00001-0000-0000-000000000003', 'comp-0001-0000-0000-000000000003', 'planner2',
   '장바구니 담기 버튼 재고 상태 반영',
   '재고 0개일 때 버튼 비활성화 및 "품절" 텍스트 표시 필요.',
   'HIGH', 'READY');
INSERT INTO PB_CHANGE_REQUEST (REQUEST_ID, COMPONENT_ID, REQUESTED_BY, TITLE, DESCRIPTION, PRIORITY, STATUS) VALUES
  ('cr-00001-0000-0000-000000000004', 'comp-0001-0000-0000-000000000004', 'planner2',
   '장바구니 아이템 수량 직접 입력 지원',
   '현재 +/- 버튼만 있음. 수량 직접 입력 Input 필드 추가.',
   'LOW', 'IN_PROGRESS');
INSERT INTO PB_CHANGE_REQUEST (REQUEST_ID, COMPONENT_ID, REQUESTED_BY, TITLE, DESCRIPTION, PRIORITY, STATUS) VALUES
  ('cr-00001-0000-0000-000000000005', 'comp-0001-0000-0000-000000000005', 'admin',
   '어드민 통계카드 실시간 갱신',
   '페이지 진입 시만 로드. 30초 간격 자동 갱신 기능 추가.',
   'MEDIUM', 'DONE');

-- ── 5. TODO 아이템 ───────────────────────────────────────────
INSERT INTO PB_TODO_ITEM (TODO_ID, REQUEST_ID, TITLE, PROMPT, TARGET_FILES, COMPLEXITY, SORT_ORDER, STATUS) VALUES
  ('todo-0001-0000-0000-000000000001', 'cr-00001-0000-0000-000000000001',
   'ProductFilter 체크박스 UI 구현',
   'ProductFilter 컴포넌트에 카테고리 다중선택 체크박스를 추가하세요. 선택된 카테고리는 URL 쿼리파라미터로 관리하고, 서버 컴포넌트 리페치를 트리거합니다.',
   'app/products/components/ProductFilter.tsx', 'MODERATE', 1, 'PENDING');
INSERT INTO PB_TODO_ITEM (TODO_ID, REQUEST_ID, TITLE, PROMPT, TARGET_FILES, COMPLEXITY, SORT_ORDER, STATUS) VALUES
  ('todo-0001-0000-0000-000000000002', 'cr-00001-0000-0000-000000000002',
   'WishlistButton 컴포넌트 생성',
   'ProductCard 내부에 WishlistButton 클라이언트 컴포넌트를 추가하세요. zustand wishlistStore를 사용하고 localStorage 영속화를 구현합니다.',
   'app/products/components/ProductCard.tsx, components/WishlistButton.tsx', 'MODERATE', 1, 'IN_PROGRESS');
INSERT INTO PB_TODO_ITEM (TODO_ID, REQUEST_ID, TITLE, PROMPT, TARGET_FILES, COMPLEXITY, SORT_ORDER, STATUS) VALUES
  ('todo-0001-0000-0000-000000000003', 'cr-00001-0000-0000-000000000003',
   'AddToCartButton 재고 체크 로직',
   'AddToCartButton이 product.stock 값을 props로 받아 0이하이면 disabled 처리하고 텍스트를 "품절"로 변경하세요. 접근성(aria-disabled) 속성도 추가합니다.',
   'app/products/[id]/components/AddToCartButton.tsx', 'SIMPLE', 1, 'DONE');
INSERT INTO PB_TODO_ITEM (TODO_ID, REQUEST_ID, TITLE, PROMPT, TARGET_FILES, COMPLEXITY, SORT_ORDER, STATUS) VALUES
  ('todo-0001-0000-0000-000000000004', 'cr-00001-0000-0000-000000000004',
   'CartItem 수량 Input 추가',
   'CartItem의 수량 변경을 +/- 버튼 외 직접 Input도 지원하도록 수정하세요. 입력 범위는 1~99, blur 시 유효성 검증 후 cartStore 업데이트.',
   'app/cart/components/CartItem.tsx', 'MODERATE', 1, 'PENDING');
INSERT INTO PB_TODO_ITEM (TODO_ID, REQUEST_ID, TITLE, PROMPT, TARGET_FILES, COMPLEXITY, SORT_ORDER, STATUS) VALUES
  ('todo-0001-0000-0000-000000000005', 'cr-00001-0000-0000-000000000005',
   'StatsCard SWR 자동갱신 구현',
   'StatsCard에 useSWR을 적용하고 refreshInterval: 30000 옵션으로 30초 자동갱신을 구현하세요. 갱신 중 로딩 스피너를 우측상단에 표시합니다.',
   'app/dashboard/components/StatsCard.tsx', 'SIMPLE', 1, 'DONE');

-- ── 6. 정책 ─────────────────────────────────────────────────
INSERT INTO PB_POLICY (POLICY_ID, PROJECT_ID, SCOPE, POLICY_TYPE, POLICY_TITLE, POLICY_CONTENT, TAGS, CURRENT_VERSION, STATUS, CREATED_BY) VALUES
  ('pol-00001-0000-0000-000000000001', 'proj-0001-0000-0000-000000000001',
   'GLOBAL', 'INTERACTION',
   '버튼 로딩 상태 표준 정책',
   'API 호출을 수반하는 모든 버튼은 클릭 후 즉시 로딩 상태(disabled + 스피너)로 전환해야 합니다. 응답 후 200ms 이내에 원래 상태로 복귀합니다.',
   '버튼,로딩,UX', 1, 'ACTIVE', 'planner1');
INSERT INTO PB_POLICY (POLICY_ID, PROJECT_ID, SCOPE, POLICY_TYPE, POLICY_TITLE, POLICY_CONTENT, TAGS, CURRENT_VERSION, STATUS, CREATED_BY) VALUES
  ('pol-00001-0000-0000-000000000002', 'proj-0001-0000-0000-000000000001',
   'GLOBAL', 'ACCESSIBILITY',
   '폼 에러 메시지 접근성 정책',
   '폼 유효성 실패 메시지는 role="alert" aria-live="polite" 속성을 가져야 합니다. 에러 텍스트는 빨간색(red-500) + 아이콘 조합으로 표시합니다.',
   '접근성,폼,에러', 1, 'ACTIVE', 'planner1');
INSERT INTO PB_POLICY (POLICY_ID, PROJECT_ID, SCOPE, PAGE_ID, POLICY_TYPE, POLICY_TITLE, POLICY_CONTENT, TAGS, CURRENT_VERSION, STATUS, CREATED_BY) VALUES
  ('pol-00001-0000-0000-000000000003', 'proj-0001-0000-0000-000000000001',
   'PAGE', 'page-0001-0000-0000-000000000001', 'DISPLAY',
   '상품 목록 페이지 빈 상태 정책',
   '필터 결과 상품이 없을 경우 "검색 결과가 없습니다" 메시지와 함께 필터 초기화 버튼을 표시해야 합니다.',
   '빈상태,EmptyState', 1, 'ACTIVE', 'planner2');
INSERT INTO PB_POLICY (POLICY_ID, PROJECT_ID, SCOPE, COMPONENT_ID, POLICY_TYPE, POLICY_TITLE, POLICY_CONTENT, TAGS, CURRENT_VERSION, STATUS, CREATED_BY) VALUES
  ('pol-00001-0000-0000-000000000004', 'proj-0001-0000-0000-000000000001',
   'COMPONENT', 'comp-0001-0000-0000-000000000003', 'VALIDATION',
   '장바구니 담기 최대 수량 제한 정책',
   '동일 상품을 장바구니에 담을 수 있는 최대 수량은 99개입니다. 초과 시 "최대 99개까지 담을 수 있습니다" 토스트 메시지를 표시합니다.',
   '수량,장바구니,유효성', 1, 'ACTIVE', 'planner1');
INSERT INTO PB_POLICY (POLICY_ID, PROJECT_ID, SCOPE, POLICY_TYPE, POLICY_TITLE, POLICY_CONTENT, TAGS, CURRENT_VERSION, STATUS, CREATED_BY) VALUES
  ('pol-00001-0000-0000-000000000005', 'proj-0001-0000-0000-000000000001',
   'GLOBAL', 'DESIGN',
   '색상 시스템 정책',
   'Primary: #2563EB, Secondary: #64748B, Destructive: #EF4444, Success: #22C55E. 브랜드 컬러 외 임의 색상 직접 사용 금지. Tailwind 커스텀 토큰만 사용.',
   '디자인,색상,시스템', 1, 'ACTIVE', 'admin');

-- ── 7. 정책 버전 이력 ────────────────────────────────────────
INSERT INTO PB_POLICY_VERSION (VERSION_ID, POLICY_ID, VERSION_NO, POLICY_CONTENT, CHANGE_REASON, CREATED_BY) VALUES
  ('pv-000001-0000-0000-000000000001', 'pol-00001-0000-0000-000000000001', 1,
   '최초 등록: API 호출 버튼 로딩 상태 정책.',
   '최초 등록', 'planner1');
INSERT INTO PB_POLICY_VERSION (VERSION_ID, POLICY_ID, VERSION_NO, POLICY_CONTENT, CHANGE_REASON, CREATED_BY) VALUES
  ('pv-000001-0000-0000-000000000002', 'pol-00001-0000-0000-000000000002', 1,
   '최초 등록: 폼 에러 접근성 정책.',
   '최초 등록', 'planner1');
INSERT INTO PB_POLICY_VERSION (VERSION_ID, POLICY_ID, VERSION_NO, POLICY_CONTENT, CHANGE_REASON, CREATED_BY) VALUES
  ('pv-000001-0000-0000-000000000003', 'pol-00001-0000-0000-000000000004', 1,
   '최초 등록: 장바구니 최대 수량 99개 제한.',
   '최초 등록', 'planner1');
INSERT INTO PB_POLICY_VERSION (VERSION_ID, POLICY_ID, VERSION_NO, POLICY_CONTENT, CHANGE_REASON, CREATED_BY) VALUES
  ('pv-000001-0000-0000-000000000004', 'pol-00001-0000-0000-000000000004', 2,
   '수정: 토스트 메시지 문구 변경 및 아이콘 추가 명시.',
   '기획자 검토 의견 반영', 'planner2');
INSERT INTO PB_POLICY_VERSION (VERSION_ID, POLICY_ID, VERSION_NO, POLICY_CONTENT, CHANGE_REASON, CREATED_BY) VALUES
  ('pv-000001-0000-0000-000000000005', 'pol-00001-0000-0000-000000000005', 1,
   '최초 등록: 브랜드 색상 시스템 정의.',
   '디자인 시스템 수립', 'admin');

-- ── 8. 정책 연결 ─────────────────────────────────────────────
INSERT INTO PB_POLICY_LINK (LINK_ID, POLICY_ID, COMPONENT_ID, LINK_TYPE) VALUES
  ('pl-000001-0000-0000-000000000001', 'pol-00001-0000-0000-000000000001', 'comp-0001-0000-0000-000000000003', 'APPLIED');
INSERT INTO PB_POLICY_LINK (LINK_ID, POLICY_ID, COMPONENT_ID, LINK_TYPE) VALUES
  ('pl-000001-0000-0000-000000000002', 'pol-00001-0000-0000-000000000001', 'comp-0001-0000-0000-000000000004', 'APPLIED');
INSERT INTO PB_POLICY_LINK (LINK_ID, POLICY_ID, COMPONENT_ID, LINK_TYPE) VALUES
  ('pl-000001-0000-0000-000000000003', 'pol-00001-0000-0000-000000000002', 'comp-0001-0000-0000-000000000001', 'REFERENCE');
INSERT INTO PB_POLICY_LINK (LINK_ID, POLICY_ID, COMPONENT_ID, LINK_TYPE) VALUES
  ('pl-000001-0000-0000-000000000004', 'pol-00001-0000-0000-000000000005', 'comp-0001-0000-0000-000000000002', 'REFERENCE');
INSERT INTO PB_POLICY_LINK (LINK_ID, POLICY_ID, COMPONENT_ID, LINK_TYPE) VALUES
  ('pl-000001-0000-0000-000000000005', 'pol-00001-0000-0000-000000000005', 'comp-0001-0000-0000-000000000005', 'REFERENCE');

-- ── 9. 스캔 이력 ─────────────────────────────────────────────
INSERT INTO PB_SCAN_HISTORY (SCAN_ID, PROJECT_ID, PAGE_ID, SCAN_TYPE, COMPONENT_COUNT, NEW_COUNT, CHANGED_COUNT, STATUS, SCANNED_BY) VALUES
  ('scan-0001-0000-0000-000000000001', 'proj-0001-0000-0000-000000000001', 'page-0001-0000-0000-000000000001', 'FULL', 12, 12, 0, 'COMPLETED', 'extension');
INSERT INTO PB_SCAN_HISTORY (SCAN_ID, PROJECT_ID, PAGE_ID, SCAN_TYPE, COMPONENT_COUNT, NEW_COUNT, CHANGED_COUNT, STATUS, SCANNED_BY) VALUES
  ('scan-0001-0000-0000-000000000002', 'proj-0001-0000-0000-000000000001', 'page-0001-0000-0000-000000000002', 'FULL', 8, 8, 0, 'COMPLETED', 'extension');
INSERT INTO PB_SCAN_HISTORY (SCAN_ID, PROJECT_ID, PAGE_ID, SCAN_TYPE, COMPONENT_COUNT, NEW_COUNT, CHANGED_COUNT, STATUS, SCANNED_BY) VALUES
  ('scan-0001-0000-0000-000000000003', 'proj-0001-0000-0000-000000000001', 'page-0001-0000-0000-000000000003', 'PARTIAL', 5, 0, 2, 'COMPLETED', 'extension');
INSERT INTO PB_SCAN_HISTORY (SCAN_ID, PROJECT_ID, PAGE_ID, SCAN_TYPE, COMPONENT_COUNT, NEW_COUNT, CHANGED_COUNT, STATUS, SCANNED_BY) VALUES
  ('scan-0001-0000-0000-000000000004', 'proj-0001-0000-0000-000000000002', 'page-0001-0000-0000-000000000004', 'FULL', 20, 20, 0, 'COMPLETED', 'extension');
INSERT INTO PB_SCAN_HISTORY (SCAN_ID, PROJECT_ID, PAGE_ID, SCAN_TYPE, COMPONENT_COUNT, NEW_COUNT, CHANGED_COUNT, STATUS, SCANNED_BY) VALUES
  ('scan-0001-0000-0000-000000000005', 'proj-0001-0000-0000-000000000002', 'page-0001-0000-0000-000000000005', 'FULL', 15, 3, 0, 'COMPLETED', 'extension');

-- ── 10. AI 분석 큐 ───────────────────────────────────────────
INSERT INTO PB_ANALYSIS_QUEUE (QUEUE_ID, PROJECT_ID, ANALYSIS_TYPE, REQUEST_ID, REQUEST_PAYLOAD, STATUS, RETRY_COUNT) VALUES
  ('aq-000001-0000-0000-000000000001', 'proj-0001-0000-0000-000000000001', 'CHANGE_REQUEST', 'cr-00001-0000-0000-000000000001',
   '{"requestId":"cr-00001-0000-0000-000000000001","projectId":"proj-0001-0000-0000-000000000001"}',
   'COMPLETED', 0);
INSERT INTO PB_ANALYSIS_QUEUE (QUEUE_ID, PROJECT_ID, ANALYSIS_TYPE, REQUEST_ID, REQUEST_PAYLOAD, STATUS, RETRY_COUNT) VALUES
  ('aq-000001-0000-0000-000000000002', 'proj-0001-0000-0000-000000000001', 'CHANGE_REQUEST', 'cr-00001-0000-0000-000000000002',
   '{"requestId":"cr-00001-0000-0000-000000000002","projectId":"proj-0001-0000-0000-000000000001"}',
   'PROCESSING', 0);
INSERT INTO PB_ANALYSIS_QUEUE (QUEUE_ID, PROJECT_ID, ANALYSIS_TYPE, REQUEST_ID, REQUEST_PAYLOAD, STATUS, RETRY_COUNT) VALUES
  ('aq-000001-0000-0000-000000000003', 'proj-0001-0000-0000-000000000001', 'CONFLICT_CHECK', NULL,
   '{"policyId":"pol-00001-0000-0000-000000000004","projectId":"proj-0001-0000-0000-000000000001"}',
   'QUEUED', 0);
INSERT INTO PB_ANALYSIS_QUEUE (QUEUE_ID, PROJECT_ID, ANALYSIS_TYPE, REQUEST_ID, REQUEST_PAYLOAD, STATUS, RETRY_COUNT) VALUES
  ('aq-000001-0000-0000-000000000004', 'proj-0001-0000-0000-000000000001', 'NEW_PLAN', NULL,
   '{"planId":"plan-001-0000-0000-000000000001","projectId":"proj-0001-0000-0000-000000000001"}',
   'QUEUED', 0);
INSERT INTO PB_ANALYSIS_QUEUE (QUEUE_ID, PROJECT_ID, ANALYSIS_TYPE, REQUEST_ID, REQUEST_PAYLOAD, STATUS, RETRY_COUNT) VALUES
  ('aq-000001-0000-0000-000000000005', 'proj-0001-0000-0000-000000000002', 'CHANGE_REQUEST', 'cr-00001-0000-0000-000000000005',
   '{"requestId":"cr-00001-0000-0000-000000000005","projectId":"proj-0001-0000-0000-000000000002"}',
   'FAILED', 3);

-- ── 11. Git 동기화 로그 ──────────────────────────────────────
INSERT INTO PB_GIT_SYNC_LOG (SYNC_LOG_ID, PROJECT_ID, TRIGGER_TYPE, COMMIT_HASH, COMMIT_MESSAGE, BRANCH, FILES_CHANGED, STATUS) VALUES
  ('gsl-00001-0000-0000-000000000001', 'proj-0001-0000-0000-000000000001', 'WEBHOOK', 'a3f8e2c', 'feat: add product filter component', 'main', 3, 'SUCCESS');
INSERT INTO PB_GIT_SYNC_LOG (SYNC_LOG_ID, PROJECT_ID, TRIGGER_TYPE, COMMIT_HASH, COMMIT_MESSAGE, BRANCH, FILES_CHANGED, STATUS) VALUES
  ('gsl-00001-0000-0000-000000000002', 'proj-0001-0000-0000-000000000001', 'SCHEDULE', 'b7c1d9e', 'fix: cart item quantity validation', 'main', 1, 'SUCCESS');
INSERT INTO PB_GIT_SYNC_LOG (SYNC_LOG_ID, PROJECT_ID, TRIGGER_TYPE, COMMIT_HASH, COMMIT_MESSAGE, BRANCH, FILES_CHANGED, STATUS) VALUES
  ('gsl-00001-0000-0000-000000000003', 'proj-0001-0000-0000-000000000001', 'MANUAL', 'd2a5f8b', 'refactor: split ProductCard into smaller components', 'main', 5, 'SUCCESS');
INSERT INTO PB_GIT_SYNC_LOG (SYNC_LOG_ID, PROJECT_ID, TRIGGER_TYPE, COMMIT_HASH, COMMIT_MESSAGE, BRANCH, FILES_CHANGED, STATUS) VALUES
  ('gsl-00001-0000-0000-000000000004', 'proj-0001-0000-0000-000000000002', 'WEBHOOK', 'e9f3c2a', 'feat: admin dashboard realtime stats', 'main', 2, 'SUCCESS');
INSERT INTO PB_GIT_SYNC_LOG (SYNC_LOG_ID, PROJECT_ID, TRIGGER_TYPE, COMMIT_HASH, COMMIT_MESSAGE, BRANCH, FILES_CHANGED, STATUS) VALUES
  ('gsl-00001-0000-0000-000000000005', 'proj-0001-0000-0000-000000000003', 'WEBHOOK', NULL, NULL, 'develop', 0, 'FAILED');

-- ── 12. 화면 기획서 ──────────────────────────────────────────
INSERT INTO PB_SCREEN_PLAN (PLAN_ID, PROJECT_ID, PLAN_TITLE, ROUTE_PATH, DESCRIPTION, STATUS, CREATED_BY) VALUES
  ('plan-001-0000-0000-000000000001', 'proj-0001-0000-0000-000000000001',
   '쿠폰 관리 페이지 신규 기획',
   '/my/coupons',
   '사용자가 보유한 쿠폰 목록을 확인하고 쿠폰함에서 직접 사용할 수 있는 페이지. 유효기간 임박 쿠폰 상단 노출 필요.',
   'DRAFT', 'planner1');
INSERT INTO PB_SCREEN_PLAN (PLAN_ID, PROJECT_ID, PLAN_TITLE, ROUTE_PATH, DESCRIPTION, STATUS, CREATED_BY) VALUES
  ('plan-001-0000-0000-000000000002', 'proj-0001-0000-0000-000000000001',
   '주문 추적 페이지',
   '/orders/[id]/tracking',
   '주문 상태를 타임라인으로 표시. 배송 실시간 위치 지도 연동. 배송기사 연락처 제공.',
   'READY', 'planner1');
INSERT INTO PB_SCREEN_PLAN (PLAN_ID, PROJECT_ID, PLAN_TITLE, ROUTE_PATH, DESCRIPTION, STATUS, CREATED_BY) VALUES
  ('plan-001-0000-0000-000000000003', 'proj-0001-0000-0000-000000000001',
   '상품 리뷰 작성 페이지',
   '/orders/[id]/review',
   '구매 확정 상품에 대한 리뷰 작성. 별점, 사진 첨부, 텍스트 입력. AI 리뷰 가이드 제공.',
   'DRAFT', 'planner2');
INSERT INTO PB_SCREEN_PLAN (PLAN_ID, PROJECT_ID, PLAN_TITLE, ROUTE_PATH, DESCRIPTION, STATUS, CREATED_BY) VALUES
  ('plan-001-0000-0000-000000000004', 'proj-0001-0000-0000-000000000002',
   '정산 리포트 대시보드',
   '/admin/settlement',
   '월별/주별 매출, 환불, 수수료 통계를 차트로 시각화. 엑셀 다운로드 기능.',
   'DRAFT', 'admin');
INSERT INTO PB_SCREEN_PLAN (PLAN_ID, PROJECT_ID, PLAN_TITLE, ROUTE_PATH, DESCRIPTION, STATUS, CREATED_BY) VALUES
  ('plan-001-0000-0000-000000000005', 'proj-0001-0000-0000-000000000002',
   '상품 일괄 등록 페이지',
   '/admin/products/bulk-upload',
   'CSV/엑셀 파일로 상품을 일괄 등록. 유효성 검증 결과를 행별로 표시. 실패 건 재처리 기능.',
   'READY', 'planner2');

-- ── 13. 기획서-정책 연결 ─────────────────────────────────────
INSERT INTO PB_PLAN_POLICY (LINK_ID, PLAN_ID, POLICY_ID, LINK_NOTE, CREATED_BY) VALUES
  ('pp-000001-0000-0000-000000000001', 'plan-001-0000-0000-000000000001', 'pol-00001-0000-0000-000000000001', '쿠폰 사용 버튼 로딩 상태 적용', 'planner1');
INSERT INTO PB_PLAN_POLICY (LINK_ID, PLAN_ID, POLICY_ID, LINK_NOTE, CREATED_BY) VALUES
  ('pp-000001-0000-0000-000000000002', 'plan-001-0000-0000-000000000001', 'pol-00001-0000-0000-000000000005', '색상 시스템 준수', 'planner1');
INSERT INTO PB_PLAN_POLICY (LINK_ID, PLAN_ID, POLICY_ID, LINK_NOTE, CREATED_BY) VALUES
  ('pp-000001-0000-0000-000000000003', 'plan-001-0000-0000-000000000002', 'pol-00001-0000-0000-000000000001', '배송 현황 갱신 버튼 로딩 정책 적용', 'planner1');
INSERT INTO PB_PLAN_POLICY (LINK_ID, PLAN_ID, POLICY_ID, LINK_NOTE, CREATED_BY) VALUES
  ('pp-000001-0000-0000-000000000004', 'plan-001-0000-0000-000000000003', 'pol-00001-0000-0000-000000000002', '리뷰 폼 유효성 에러 접근성 정책 적용', 'planner2');
INSERT INTO PB_PLAN_POLICY (LINK_ID, PLAN_ID, POLICY_ID, LINK_NOTE, CREATED_BY) VALUES
  ('pp-000001-0000-0000-000000000005', 'plan-001-0000-0000-000000000004', 'pol-00001-0000-0000-000000000005', '정산 대시보드 색상 시스템 준수', 'admin');

-- ── 14. 테스트 체크리스트 ────────────────────────────────────
INSERT INTO PB_TEST_CHECKLIST (CHECKLIST_ID, POLICY_ID, PLAN_ID, CHECKLIST_TITLE, CHECKLIST_CONTENT, CHECK_TYPE, STATUS, CREATED_BY) VALUES
  ('tc-000001-0000-0000-000000000001', 'pol-00001-0000-0000-000000000001', NULL,
   'API 호출 버튼 클릭 시 즉시 로딩 상태 전환 확인',
   '1. 버튼 클릭 → 50ms 이내 disabled + 스피너 표시\n2. 응답 후 200ms 이내 원래 상태 복귀\n3. 중복 클릭 방지 확인',
   'MANUAL', 'PENDING', 'planner1');
INSERT INTO PB_TEST_CHECKLIST (CHECKLIST_ID, POLICY_ID, PLAN_ID, CHECKLIST_TITLE, CHECKLIST_CONTENT, CHECK_TYPE, STATUS, CREATED_BY) VALUES
  ('tc-000001-0000-0000-000000000002', 'pol-00001-0000-0000-000000000002', NULL,
   '폼 에러 메시지 스크린리더 인식 확인',
   '1. role="alert" 속성 존재 확인\n2. aria-live="polite" 확인\n3. NVDA/JAWS로 에러 메시지 읽기 테스트',
   'MANUAL', 'PASSED', 'dev1');
INSERT INTO PB_TEST_CHECKLIST (CHECKLIST_ID, POLICY_ID, PLAN_ID, CHECKLIST_TITLE, CHECKLIST_CONTENT, CHECK_TYPE, STATUS, CHECKED_BY, CHECKED_AT) VALUES
  ('tc-000001-0000-0000-000000000003', 'pol-00001-0000-0000-000000000004', NULL,
   '장바구니 100개 이상 추가 시 제한 메시지 표시',
   '1. 상품 99개 담기 → 정상 처리\n2. 100번째 추가 시 토스트 메시지 표시\n3. 장바구니 수량 99 유지 확인',
   'MANUAL', 'PASSED', 'dev2', SYSTIMESTAMP);
INSERT INTO PB_TEST_CHECKLIST (CHECKLIST_ID, POLICY_ID, PLAN_ID, CHECKLIST_TITLE, CHECKLIST_CONTENT, CHECK_TYPE, STATUS, CREATED_BY) VALUES
  ('tc-000001-0000-0000-000000000004', NULL, 'plan-001-0000-0000-000000000001',
   '쿠폰 목록 유효기간 임박 정렬 확인',
   '1. 오늘 기준 3일 이내 만료 쿠폰 상단 노출\n2. 만료된 쿠폰 회색 처리\n3. 쿠폰 없을 때 빈 상태 UI 확인',
   'MANUAL', 'PENDING', 'planner1');
INSERT INTO PB_TEST_CHECKLIST (CHECKLIST_ID, POLICY_ID, PLAN_ID, CHECKLIST_TITLE, CHECKLIST_CONTENT, CHECK_TYPE, STATUS, CREATED_BY) VALUES
  ('tc-000001-0000-0000-000000000005', NULL, 'plan-001-0000-0000-000000000002',
   '주문 추적 타임라인 단계별 상태 표시',
   '1. 결제완료 → 상품준비중 → 배송중 → 배송완료 단계 확인\n2. 현재 단계 강조 표시\n3. 배송중 단계에서 지도 컴포넌트 노출',
   'AUTO', 'PENDING', 'dev1');

-- ── 15. 컴포넌트 스냅샷 ──────────────────────────────────────
INSERT INTO PB_COMPONENT_SNAPSHOT (SNAPSHOT_ID, COMPONENT_ID, SCAN_HISTORY_ID, PROPS_JSON, RECT_JSON) VALUES
  ('cs-000001-0000-0000-000000000001', 'comp-0001-0000-0000-000000000001', 'scan-0001-0000-0000-000000000001',
   '{"selectedCategories":[],"priceRange":{"min":0,"max":500000}}',
   '{"x":0,"y":80,"width":240,"height":600}');
INSERT INTO PB_COMPONENT_SNAPSHOT (SNAPSHOT_ID, COMPONENT_ID, SCAN_HISTORY_ID, PROPS_JSON, RECT_JSON) VALUES
  ('cs-000001-0000-0000-000000000002', 'comp-0001-0000-0000-000000000002', 'scan-0001-0000-0000-000000000001',
   '{"productId":"pid-001","price":29000,"name":"기본 티셔츠","imageUrl":"/img/tshirt.jpg"}',
   '{"x":260,"y":120,"width":200,"height":280}');
INSERT INTO PB_COMPONENT_SNAPSHOT (SNAPSHOT_ID, COMPONENT_ID, SCAN_HISTORY_ID, PROPS_JSON, RECT_JSON) VALUES
  ('cs-000001-0000-0000-000000000003', 'comp-0001-0000-0000-000000000003', 'scan-0001-0000-0000-000000000002',
   '{"productId":"pid-001","stock":0,"disabled":true}',
   '{"x":240,"y":420,"width":180,"height":44}');
INSERT INTO PB_COMPONENT_SNAPSHOT (SNAPSHOT_ID, COMPONENT_ID, SCAN_HISTORY_ID, PROPS_JSON, RECT_JSON) VALUES
  ('cs-000001-0000-0000-000000000004', 'comp-0001-0000-0000-000000000004', 'scan-0001-0000-0000-000000000003',
   '{"cartItemId":"ci-001","productName":"기본 티셔츠","quantity":2,"price":58000}',
   '{"x":0,"y":200,"width":760,"height":80}');
INSERT INTO PB_COMPONENT_SNAPSHOT (SNAPSHOT_ID, COMPONENT_ID, SCAN_HISTORY_ID, PROPS_JSON, RECT_JSON) VALUES
  ('cs-000001-0000-0000-000000000005', 'comp-0001-0000-0000-000000000005', 'scan-0001-0000-0000-000000000004',
   '{"title":"오늘 주문","value":142,"trend":"+12%","color":"blue"}',
   '{"x":20,"y":100,"width":220,"height":120}');

COMMIT;
